Title,Year,Rated,Released,Runtime,Genre,Director,Writer,Actors,Plot,Language,Country,Awards,Poster,Ratings,Metascore,imdbRating,imdbVotes,imdbID,Type,DVD,BoxOffice,Production,Website,Response
Dune,2021,PG-13,22 Oct 2021,155 min,"Action, Adventure, Drama",Denis Villeneuve,"Jon Spaihts, Denis Villeneuve, Eric Roth","Timothée Chalamet, Rebecca Ferguson, Zendaya","Paul Atreides arrives on Arrakis after his father accepts the stewardship of the dangerous planet. However, chaos ensues after a betrayal as forces clash to control melange, a precious resource.","English, Mandarin","Canada, United States",Won 6 Oscars. 178 wins & 299 nominations total,"https://m.media-amazon.com/images/M/MV5BNWIyNmU5MGYtZDZmNi00ZjAwLWJlYjgtZTc0ZGIxMDE4ZGYwXkEyXkFqcGc@._V1_QL75_UY562_CR1,0,380,562_.jpg","[{'Source': 'Internet Movie Database', 'Value': '8.0/10'}, {'Source': 'Rotten Tomatoes', 'Value': '83%'}, {'Source': 'Metacritic', 'Value': '74/100'}]",74,8.0,"1,038,179",tt1160419,movie,N/A,"$108,897,830",N/A,N/A,True
Dune: Part Two,2024,PG-13,01 Mar 2024,166 min,"Action, Adventure, Drama",Denis Villeneuve,"Denis Villeneuve, Jon Spaihts, Frank Herbert","Timothée Chalamet, Zendaya, Rebecca Ferguson","Paul Atreides unites with the Fremen while on a warpath of revenge against the conspirators who destroyed his family. Facing a choice between the love of his life and the fate of the universe, he endeavors to prevent a terrible fu...",English,"United States, Canada, United Arab Emirates, Hungary, Italy, New Zealand, Jordan, Gambia",Won 2 Oscars. 125 wins & 376 nominations total,"https://m.media-amazon.com/images/M/MV5BNTc0YmQxMjEtODI5MC00NjFiLTlkMWUtOGQ5NjFmYWUyZGJhXkEyXkFqcGc@._V1_QL75_UX380_CR0,0,380,562_.jpg","[{'Source': 'Internet Movie Database', 'Value': '8.4/10'}, {'Source': 'Rotten Tomatoes', 'Value': '92%'}, {'Source': 'Metacritic', 'Value': '79/100'}]",79,8.4,"734,902",tt15239678,movie,N/A,"$282,144,358",N/A,N/A,True
Bullet Train,2022,R,05 Aug 2022,127 min,"Action, Comedy, Thriller",David Leitch,"Zak Olkewicz, Kôtarô Isaka","Brad Pitt, Joey King, Aaron Taylor-Johnson",Five assassins aboard a swiftly-moving bullet train find out that their missions have something in common.,"English, Japanese, Spanish, Russian","United States, Japan",2 wins & 19 nominations total,https://m.media-amazon.com/images/M/MV5BODUyZjkxZDMtZGI3ZC00ZmEwLTgwMTUtYTU4OTQ5YjU4ZjRlXkEyXkFqcGc@._V1_SX300.jpg,"[{'Source': 'Internet Movie Database', 'Value': '7.3/10'}, {'Source': 'Rotten Tomatoes', 'Value': '53%'}, {'Source': 'Metacritic', 'Value': '49/100'}]",49,7.3,"519,374",tt12593682,movie,N/A,"$103,368,602",N/A,N/A,True
"Monsters, Inc.",2001,G,02 Nov 2001,92 min,"Animation, Adventure, Comedy","Pete Docter, David Silverman, Lee Unkrich","Andrew Stanton, Daniel Gerson, Pete Docter","Billy Crystal, John Goodman, Mary Gibbs","In order to power the city, monsters have to scare children so that they scream. However, the children are toxic to the monsters, and after a child gets through, two monsters realize things may not be what they think.",English,United States,Won 1 Oscar. 15 wins & 38 nominations total,"https://m.media-amazon.com/images/M/MV5BMTY1NTI0ODUyOF5BMl5BanBnXkFtZTgwNTEyNjQ0MDE@._V1_QL75_UX380_CR0,0,380,562_.jpg","[{'Source': 'Internet Movie Database', 'Value': '8.1/10'}, {'Source': 'Rotten Tomatoes', 'Value': '96%'}, {'Source': 'Metacritic', 'Value': '79/100'}]",79,8.1,"1,072,549",tt0198781,movie,N/A,"$290,642,256",N/A,N/A,True
Whiplash,2014,R,15 Oct 2014,106 min,"Drama, Music",Damien Chazelle,Damien Chazelle,"Miles Teller, J.K. Simmons, Melissa Benoist",A promising young drummer enrolls at a cut-throat music conservatory where his dreams of greatness are mentored by an instructor who will stop at nothing to realize a student's potential.,English,United States,Won 3 Oscars. 100 wins & 144 nominations total,https://m.media-amazon.com/images/M/MV5BMDFjOWFkYzktYzhhMC00NmYyLTkwY2EtYjViMDhmNzg0OGFkXkEyXkFqcGc@._V1_SX300.jpg,"[{'Source': 'Internet Movie Database', 'Value': '8.5/10'}, {'Source': 'Rotten Tomatoes', 'Value': '94%'}, {'Source': 'Metacritic', 'Value': '89/100'}]",89,8.5,"1,134,459",tt2582802,movie,N/A,"$14,003,391",N/A,N/A,True
Oppenheimer,2023,R,21 Jul 2023,180 min,"Biography, Drama, History",Christopher Nolan,"Christopher Nolan, Kai Bird, Martin Sherwin","Cillian Murphy, Emily Blunt, Matt Damon","A dramatization of the life story of J. Robert Oppenheimer, the physicist who had a large hand in the development of the atomic bombs that brought an end to World War II.","English, German, Italian, Dutch","United States, United Kingdom",Won 7 Oscars. 370 wins & 378 nominations total,"https://m.media-amazon.com/images/M/MV5BN2JkMDc5MGQtZjg3YS00NmFiLWIyZmQtZTJmNTM5MjVmYTQ4XkEyXkFqcGc@._V1_QL75_UX380_CR0,0,380,562_.jpg","[{'Source': 'Internet Movie Database', 'Value': '8.2/10'}, {'Source': 'Rotten Tomatoes', 'Value': '93%'}, {'Source': 'Metacritic', 'Value': '90/100'}]",90,8.2,"1,024,033",tt15398776,movie,N/A,"$330,078,895",N/A,N/A,True
Interstellar,2014,PG-13,07 Nov 2014,169 min,"Adventure, Drama, Sci-Fi",Christopher Nolan,"Jonathan Nolan, Christopher Nolan","Matthew McConaughey, Anne Hathaway, Jessica Chastain","When Earth becomes uninhabitable in the future, a farmer and ex-NASA pilot, Joseph Cooper, is tasked to pilot a spacecraft, along with a team of researchers, to find a new planet for humans.",English,"United States, United Kingdom, Canada",Won 1 Oscar. 45 wins & 148 nominations total,"https://m.media-amazon.com/images/M/MV5BYzdjMDAxZGItMjI2My00ODA1LTlkNzItOWFjMDU5ZDJlYWY3XkEyXkFqcGc@._V1_QL75_UX380_CR0,0,380,562_.jpg","[{'Source': 'Internet Movie Database', 'Value': '8.7/10'}, {'Source': 'Rotten Tomatoes', 'Value': '73%'}, {'Source': 'Metacritic', 'Value': '74/100'}]",74,8.7,"2,516,752",tt0816692,movie,N/A,"$203,227,580",N/A,N/A,True
The Dark Knight,2008,PG-13,18 Jul 2008,152 min,"Action, Crime, Drama",Christopher Nolan,"Jonathan Nolan, Christopher Nolan, David S. Goyer","Christian Bale, Heath Ledger, Aaron Eckhart","When a menace known as the Joker wreaks havoc and chaos on the people of Gotham, Batman, James Gordon and Harvey Dent must work together to put an end to the madness.","English, Mandarin","United States, United Kingdom",Won 2 Oscars. 163 wins & 165 nominations total,"https://m.media-amazon.com/images/M/MV5BMTMxNTMwODM0NF5BMl5BanBnXkFtZTcwODAyMTk2Mw@@._V1_QL75_UX380_CR0,0,380,562_.jpg","[{'Source': 'Internet Movie Database', 'Value': '9.1/10'}, {'Source': 'Rotten Tomatoes', 'Value': '94%'}, {'Source': 'Metacritic', 'Value': '85/100'}]",85,9.1,"3,161,907",tt0468569,movie,N/A,"$534,987,076",N/A,N/A,True
The Intern,2015,PG-13,25 Sep 2015,121 min,"Comedy, Drama",Nancy Meyers,Nancy Meyers,"Robert De Niro, Anne Hathaway, Rene Russo","Seventy-year-old widower Ben Whittaker has discovered that retirement isn't all it's cracked up to be. Seizing an opportunity to get back in the game, he becomes a senior intern at an online fashion site, founded and run by Jules ...","English, Japanese",United States,1 win & 9 nominations total,https://m.media-amazon.com/images/M/MV5BMTUyNjE5NjI5OF5BMl5BanBnXkFtZTgwNzYzMzU3NjE@._V1_SX300.jpg,"[{'Source': 'Internet Movie Database', 'Value': '7.1/10'}, {'Source': 'Rotten Tomatoes', 'Value': '59%'}, {'Source': 'Metacritic', 'Value': '51/100'}]",51,7.1,"304,419",tt2361509,movie,N/A,"$75,764,672",N/A,N/A,True
The Hunger Games,2012,PG-13,23 Mar 2012,142 min,"Action, Adventure, Sci-Fi",Gary Ross,"Gary Ross, Suzanne Collins, Billy Ray","Jennifer Lawrence, Josh Hutcherson, Liam Hemsworth",Katniss Everdeen voluntarily takes her younger sister's place in the Hunger Games: a televised competition in which two teenagers from each of the twelve Districts of Panem are chosen at random to fight to the death.,English,United States,Won 1 BAFTA Award34 wins & 49 nominations total,https://m.media-amazon.com/images/M/MV5BMWI1OGM4YjQtNmIxNi00YmE2LWJkNTAtY2Q0YjU4NTI5NWQyXkEyXkFqcGc@._V1_SX300.jpg,"[{'Source': 'Internet Movie Database', 'Value': '7.2/10'}, {'Source': 'Rotten Tomatoes', 'Value': '84%'}, {'Source': 'Metacritic', 'Value': '68/100'}]",68,7.2,"1,074,757",tt1392170,movie,N/A,"$408,010,692",N/A,N/A,True
The Hunger Games: Catching Fire,2013,PG-13,22 Nov 2013,146 min,"Action, Adventure, Sci-Fi",Francis Lawrence,"Simon Beaufoy, Michael Arndt, Suzanne Collins","Jennifer Lawrence, Josh Hutcherson, Liam Hemsworth",Katniss Everdeen and Peeta Mellark become targets of the Capitol after their victory in the 74th Hunger Games sparks a rebellion in the Districts of Panem.,English,United States,22 wins & 68 nominations total,https://m.media-amazon.com/images/M/MV5BMTAyMjQ3OTAxMzNeQTJeQWpwZ15BbWU4MDU0NzA1MzAx._V1_SX300.jpg,"[{'Source': 'Internet Movie Database', 'Value': '7.5/10'}, {'Source': 'Rotten Tomatoes', 'Value': '90%'}, {'Source': 'Metacritic', 'Value': '76/100'}]",76,7.5,"768,630",tt1951264,movie,N/A,"$424,668,047",N/A,N/A,True
Captain America: The Winter Soldier,2014,PG-13,04 Apr 2014,136 min,"Action, Adventure, Sci-Fi","Anthony Russo, Joe Russo","Christopher Markus, Stephen McFeely, Joe Simon","Chris Evans, Samuel L. Jackson, Scarlett Johansson","As Steve Rogers struggles to embrace his role in the modern world, he teams up with a fellow Avenger and S.H.I.E.L.D agent, Black Widow, to battle a new threat from history: an assassin known as the Winter Soldier.","English, French",United States,Nominated for 1 Oscar. 5 wins & 52 nominations total,"https://m.media-amazon.com/images/M/MV5BNWY1NjFmNDItZDhmOC00NjI1LWE0ZDItMTM0MjBjZThiOTQ2XkEyXkFqcGc@._V1_QL75_UX380_CR0,0,380,562_.jpg","[{'Source': 'Internet Movie Database', 'Value': '7.7/10'}, {'Source': 'Rotten Tomatoes', 'Value': '90%'}, {'Source': 'Metacritic', 'Value': '70/100'}]",70,7.7,"970,692",tt1843866,movie,N/A,"$259,766,572",N/A,N/A,True
The Banker,2020,PG-13,20 Mar 2020,120 min,"Biography, Drama",George Nolfi,"Niceole R. Levy, George Nolfi, David Lewis Smith","Anthony Mackie, Samuel L. Jackson, Nicholas Hoult","In the 1960s, two African-American entrepreneurs hire a working-class white man to pretend to be the head of their business empire while they pose as a janitor and chauffeur.",English,United States,3 wins & 7 nominations total,https://m.media-amazon.com/images/M/MV5BZTRiY2YyNmYtY2M4My00MDBkLWE4ZDctZDlmMWQ4ZjMzZjQ2XkEyXkFqcGc@._V1_SX300.jpg,"[{'Source': 'Internet Movie Database', 'Value': '7.3/10'}, {'Source': 'Rotten Tomatoes', 'Value': '78%'}, {'Source': 'Metacritic', 'Value': '59/100'}]",59,7.3,"42,313",tt6285944,movie,N/A,N/A,N/A,N/A,True
The Truman Show,1998,PG,05 Jun 1998,103 min,"Comedy, Drama",Peter Weir,Andrew Niccol,"Jim Carrey, Ed Harris, Laura Linney",An insurance salesman begins to suspect that his whole life is actually some sort of reality TV show.,English,United States,Nominated for 3 Oscars. 42 wins & 69 nominations total,https://m.media-amazon.com/images/M/MV5BNzA3ZjZlNzYtMTdjMy00NjMzLTk5ZGYtMTkyYzNiOGM1YmM3XkEyXkFqcGc@._V1_SX300.jpg,"[{'Source': 'Internet Movie Database', 'Value': '8.2/10'}, {'Source': 'Rotten Tomatoes', 'Value': '94%'}, {'Source': 'Metacritic', 'Value': '90/100'}]",90,8.2,"1,356,843",tt0120382,movie,N/A,"$125,618,201",N/A,N/A,True
American Psycho,2000,R,14 Apr 2000,102 min,"Crime, Drama, Horror",Mary Harron,"Bret Easton Ellis, Mary Harron, Guinevere Turner","Christian Bale, Justin Theroux, Josh Lucas","A wealthy New York City investment banking executive, Patrick Bateman, hides his alternate psychopathic ego from his co-workers and friends as he delves deeper into his violent, hedonistic fantasies.","English, Spanish, Cantonese",United States,7 wins & 11 nominations total,https://m.media-amazon.com/images/M/MV5BNzBjM2I5ZjUtNmIzNy00OGNkLWIwZDMtOTAwYWUwMzA2YjdlXkEyXkFqcGc@._V1_SX300.jpg,"[{'Source': 'Internet Movie Database', 'Value': '7.6/10'}, {'Source': 'Rotten Tomatoes', 'Value': '69%'}, {'Source': 'Metacritic', 'Value': '64/100'}]",64,7.6,"827,026",tt0144084,movie,N/A,"$15,070,285",N/A,N/A,True
John Wick,2014,R,24 Oct 2014,101 min,"Action, Crime, Thriller",Chad Stahelski,Derek Kolstad,"Keanu Reeves, Michael Nyqvist, Alfie Allen","John Wick is a former hitman grieving the loss of his true love. When his home is broken into, robbed, and his dog killed, he is forced to return to action to exact revenge.","English, Russian, Hungarian",United States,5 wins & 10 nominations total,https://m.media-amazon.com/images/M/MV5BMTU2NjA1ODgzMF5BMl5BanBnXkFtZTgwMTM2MTI4MjE@._V1_SX300.jpg,"[{'Source': 'Internet Movie Database', 'Value': '7.5/10'}, {'Source': 'Rotten Tomatoes', 'Value': '86%'}, {'Source': 'Metacritic', 'Value': '68/100'}]",68,7.5,"819,124",tt2911666,movie,N/A,"$43,037,835",N/A,N/A,True
Tangled,2010,PG,24 Nov 2010,100 min,"Animation, Adventure, Comedy","Nathan Greno, Byron Howard","Dan Fogelman, Jacob Grimm, Wilhelm Grimm","Mandy Moore, Zachary Levi, Donna Murphy","The magically long-haired Rapunzel has spent her entire life in a tower, but now that a runaway thief has stumbled upon her, she is about to discover the world for the first time, and who she really is.","English, German","United States, Japan",Nominated for 1 Oscar. 10 wins & 42 nominations total,https://m.media-amazon.com/images/M/MV5BMTAxNDYxMjg0MjNeQTJeQWpwZ15BbWU3MDcyNTk2OTM@._V1_SX300.jpg,"[{'Source': 'Internet Movie Database', 'Value': '7.7/10'}, {'Source': 'Rotten Tomatoes', 'Value': '89%'}, {'Source': 'Metacritic', 'Value': '71/100'}]",71,7.7,"540,207",tt0398286,movie,N/A,"$200,821,936",N/A,N/A,True
Megamind,2010,PG,05 Nov 2010,95 min,"Animation, Action, Adventure",Tom McGrath,"Alan Schoolcraft, Brent Simons","Will Ferrell, Jonah Hill, Brad Pitt","Evil genius Megamind finally defeats his do-gooder nemesis, Metro Man, but is left without a purpose in a superhero-free world.",English,United States,2 wins & 16 nominations total,https://m.media-amazon.com/images/M/MV5BMTAzMzI0NTMzNDBeQTJeQWpwZ15BbWU3MDM3NTAyOTM@._V1_SX300.jpg,"[{'Source': 'Internet Movie Database', 'Value': '7.3/10'}, {'Source': 'Rotten Tomatoes', 'Value': '73%'}, {'Source': 'Metacritic', 'Value': '63/100'}]",63,7.3,"322,951",tt1001526,movie,N/A,"$148,415,853",N/A,N/A,True
Divergent,2014,PG-13,21 Mar 2014,139 min,"Action, Adventure, Drama",Neil Burger,"Evan Daugherty, Vanessa Taylor, Veronica Roth","Shailene Woodley, Theo James, Kate Winslet","In a world divided by factions based on virtues, Tris learns she's Divergent and won't fit in. When she discovers a plot to destroy Divergents, Tris and the mysterious Four must find out what makes Divergents dangerous before it's...","English, Spanish",United States,7 wins & 11 nominations total,https://m.media-amazon.com/images/M/MV5BMTYxMzYwODE4OV5BMl5BanBnXkFtZTgwNDE5MzE2MDE@._V1_SX300.jpg,"[{'Source': 'Internet Movie Database', 'Value': '6.6/10'}, {'Source': 'Rotten Tomatoes', 'Value': '41%'}, {'Source': 'Metacritic', 'Value': '48/100'}]",48,6.6,"515,954",tt1840309,movie,N/A,"$150,947,895",N/A,N/A,True
La La Land,2016,PG-13,25 Dec 2016,128 min,"Comedy, Drama, Music",Damien Chazelle,Damien Chazelle,"Ryan Gosling, Emma Stone, Rosemarie DeWitt","When Sebastian, a pianist, and Mia, an actress, follow their passion and achieve success in their respective fields, they find themselves torn between their love for each other and their careers.","English, Cantonese","United States, Hong Kong",Won 6 Oscars. 246 wins & 313 nominations total,"https://m.media-amazon.com/images/M/MV5BMzUzNDM2NzM2MV5BMl5BanBnXkFtZTgwNTM3NTg4OTE@._V1_QL75_UX380_CR0,0,380,562_.jpg","[{'Source': 'Internet Movie Database', 'Value': '8.0/10'}, {'Source': 'Rotten Tomatoes', 'Value': '91%'}, {'Source': 'Metacritic', 'Value': '94/100'}]",94,8.0,"759,966",tt3783958,movie,N/A,"$151,101,803",N/A,N/A,True
Top Gun: Maverick,2022,PG-13,27 May 2022,130 min,"Action, Drama",Joseph Kosinski,"Ehren Kruger, Eric Warren Singer, Christopher McQuarrie","Tom Cruise, Jennifer Connelly, Miles Teller","The story involves Maverick confronting his past while training a group of younger Top Gun graduates, including the son of his deceased best friend, for a dangerous mission.",English,United States,Won 1 Oscar. 114 wins & 237 nominations total,"https://m.media-amazon.com/images/M/MV5BMDBkZDNjMWEtOTdmMi00NmExLTg5MmMtNTFlYTJlNWY5YTdmXkEyXkFqcGc@._V1_QL75_UX380_CR0,0,380,562_.jpg","[{'Source': 'Internet Movie Database', 'Value': '8.2/10'}, {'Source': 'Rotten Tomatoes', 'Value': '96%'}, {'Source': 'Metacritic', 'Value': '78/100'}]",78,8.2,"855,273",tt1745960,movie,N/A,"$718,732,821",N/A,N/A,True
The Imitation Game,2014,PG-13,25 Dec 2014,114 min,"Biography, Drama, Thriller",Morten Tyldum,"Graham Moore, Andrew Hodges","Benedict Cumberbatch, Keira Knightley, Matthew Goode","During World War II, the English mathematical genius Alan Turing tries to crack the German Enigma code with help from fellow mathematicians while attempting to come to terms with his troubled private life.","English, German",United States,Won 1 Oscar. 49 wins & 167 nominations total,https://m.media-amazon.com/images/M/MV5BNjI3NjY1Mjg3MV5BMl5BanBnXkFtZTgwMzk5MDQ3MjE@._V1_SX300.jpg,"[{'Source': 'Internet Movie Database', 'Value': '8.0/10'}, {'Source': 'Rotten Tomatoes', 'Value': '90%'}, {'Source': 'Metacritic', 'Value': '71/100'}]",71,8.0,"872,710",tt2084970,movie,N/A,"$91,125,683",N/A,N/A,True
Saltburn,2023,R,22 Dec 2023,131 min,"Drama, Thriller",Emerald Fennell,Emerald Fennell,"Barry Keoghan, Jacob Elordi, Rosamund Pike","A student at Oxford University finds himself drawn into the world of a charming and aristocratic classmate, who invites him to his eccentric family's sprawling estate for a summer never to be forgotten.",English,"United Kingdom, United States",Nominated for 5 BAFTA Awards. 18 wins & 110 nominations total,"https://m.media-amazon.com/images/M/MV5BZjk4NGE3MWItMDRhMy00YzhiLTk0MGUtZDlkNmQxYWIxYzc2XkEyXkFqcGc@._V1_QL75_UX380_CR0,0,380,562_.jpg","[{'Source': 'Internet Movie Database', 'Value': '7.0/10'}, {'Source': 'Rotten Tomatoes', 'Value': '72%'}, {'Source': 'Metacritic', 'Value': '61/100'}]",61,7.0,"264,578",tt17351924,movie,N/A,"$11,425,829",N/A,N/A,True
Spider-Man: Into the Spider-Verse,2018,PG,14 Dec 2018,117 min,"Animation, Action, Adventure","Bob Persichetti, Peter Ramsey, Rodney Rothman","Phil Lord, Rodney Rothman","Shameik Moore, Jake Johnson, Hailee Steinfeld",Teen Miles Morales becomes the Spider-Man of his universe and must join with five spider-powered individuals from other dimensions to stop a threat for all realities.,"English, Spanish","Canada, United States",Won 1 Oscar. 85 wins & 60 nominations total,https://m.media-amazon.com/images/M/MV5BMjMwNDkxMTgzOF5BMl5BanBnXkFtZTgwNTkwNTQ3NjM@._V1_SX300.jpg,"[{'Source': 'Internet Movie Database', 'Value': '8.4/10'}, {'Source': 'Rotten Tomatoes', 'Value': '97%'}, {'Source': 'Metacritic', 'Value': '87/100'}]",87,8.4,"777,014",tt4633694,movie,N/A,"$190,241,310",N/A,N/A,True
The Shawshank Redemption,1994,R,14 Oct 1994,142 min,Drama,Frank Darabont,"Stephen King, Frank Darabont","Tim Robbins, Morgan Freeman, Bob Gunton",A wrongfully convicted banker forms a close friendship with a hardened convict over a quarter century while retaining his humanity through simple acts of compassion.,English,United States,Nominated for 7 Oscars. 21 wins & 42 nominations total,"https://m.media-amazon.com/images/M/MV5BMDAyY2FhYjctNDc5OS00MDNlLThiMGUtY2UxYWVkNGY2ZjljXkEyXkFqcGc@._V1_QL75_UX380_CR0,4,380,562_.jpg","[{'Source': 'Internet Movie Database', 'Value': '9.3/10'}, {'Source': 'Rotten Tomatoes', 'Value': '89%'}, {'Source': 'Metacritic', 'Value': '82/100'}]",82,9.3,"3,182,645",tt0111161,movie,N/A,"$28,767,189",N/A,N/A,True
Coraline,2009,PG,06 Feb 2009,100 min,"Animation, Drama, Family",Henry Selick,"Henry Selick, Neil Gaiman","Dakota Fanning, Teri Hatcher, John Hodgman","Wandering her rambling old house in her boring new town, a young girl discovers a hidden door to a strangely idealized version of her life that seems too good to be true.","English, Russian",United States,Nominated for 1 Oscar. 8 wins & 46 nominations total,https://m.media-amazon.com/images/M/MV5BMzQxNjM5NzkxNV5BMl5BanBnXkFtZTcwMzg5NDMwMg@@._V1_SX300.jpg,"[{'Source': 'Internet Movie Database', 'Value': '7.8/10'}, {'Source': 'Rotten Tomatoes', 'Value': '91%'}, {'Source': 'Metacritic', 'Value': '80/100'}]",80,7.8,"297,596",tt0327597,movie,N/A,"$116,896,576",N/A,N/A,True
The Wolf of Wall Street,2013,R,25 Dec 2013,180 min,"Biography, Comedy, Crime",Martin Scorsese,"Terence Winter, Jordan Belfort","Leonardo DiCaprio, Jonah Hill, Margot Robbie","Based on the true story of Jordan Belfort, from his rise to a wealthy stock-broker living the high life to his fall involving crime, corruption and the federal government.","English, French",United States,Nominated for 5 Oscars. 38 wins & 180 nominations total,"https://m.media-amazon.com/images/M/MV5BMjIxMjgxNTk0MF5BMl5BanBnXkFtZTgwNjIyOTg2MDE@._V1_QL75_UX380_CR0,0,380,562_.jpg","[{'Source': 'Internet Movie Database', 'Value': '8.2/10'}, {'Source': 'Rotten Tomatoes', 'Value': '79%'}, {'Source': 'Metacritic', 'Value': '75/100'}]",75,8.2,"1,784,314",tt0993846,movie,N/A,"$116,900,694",N/A,N/A,True
Don't Look Up,2021,R,24 Dec 2021,138 min,"Comedy, Drama, Sci-Fi",Adam McKay,"Adam McKay, David Sirota","Leonardo DiCaprio, Jennifer Lawrence, Meryl Streep",Two low-level astronomers must go on a giant media tour to warn humankind of an approaching comet that will destroy planet Earth.,English,"United States, Canada",Nominated for 4 Oscars. 25 wins & 100 nominations total,"https://m.media-amazon.com/images/M/MV5BMjhhNWFjNzctYTJjOS00MDc0LThiNjItZmM0ZDVmMWViY2UzXkEyXkFqcGc@._V1_QL75_UY562_CR35,0,380,562_.jpg","[{'Source': 'Internet Movie Database', 'Value': '7.1/10'}, {'Source': 'Metacritic', 'Value': '49/100'}]",49,7.1,"669,471",tt11286314,movie,N/A,N/A,N/A,N/A,True
Logan,2017,R,03 Mar 2017,137 min,"Action, Drama, Sci-Fi",James Mangold,"James Mangold, Scott Frank, Michael Green","Hugh Jackman, Patrick Stewart, Dafne Keen","In a future where mutants are nearly extinct, an elderly and weary Logan leads a quiet life. But when Laura, a mutant child pursued by scientists, comes to him for help, he must get her to safety.","English, Spanish",United States,Nominated for 1 Oscar. 28 wins & 82 nominations total,https://m.media-amazon.com/images/M/MV5BM2JjODdkMGMtNmY2YS00OGM2LThiY2YtZGYyNzE4Nzc2ODA0XkEyXkFqcGc@._V1_SX300.jpg,"[{'Source': 'Internet Movie Database', 'Value': '8.1/10'}, {'Source': 'Rotten Tomatoes', 'Value': '93%'}, {'Source': 'Metacritic', 'Value': '77/100'}]",77,8.1,"917,281",tt3315342,movie,N/A,"$226,277,068",N/A,N/A,True
Moana,2016,PG,23 Nov 2016,107 min,"Animation, Adventure, Comedy","Ron Clements, John Musker, Don Hall","Jared Bush, Ron Clements, John Musker","Auli'i Cravalho, Dwayne Johnson, Rachel House","In ancient Polynesia, when a terrible curse incurred by the demigod Maui reaches Moana's island, she answers the Ocean's call to seek out Maui to set things right.","English, French",United States,Nominated for 2 Oscars. 22 wins & 90 nominations total,https://m.media-amazon.com/images/M/MV5BMjI4MzU5NTExNF5BMl5BanBnXkFtZTgwNzY1MTEwMDI@._V1_SX300.jpg,"[{'Source': 'Internet Movie Database', 'Value': '7.6/10'}, {'Source': 'Rotten Tomatoes', 'Value': '95%'}, {'Source': 'Metacritic', 'Value': '81/100'}]",81,7.6,"436,011",tt3521164,movie,N/A,"$248,757,044",N/A,N/A,True
Coco,2017,PG,22 Nov 2017,105 min,"Animation, Adventure, Drama","Adrian Molina, Lee Unkrich","Adrian Molina, Matthew Aldrich, Lee Unkrich","Anthony Gonzalez, Gael García Bernal, Benjamin Bratt","Aspiring musician Miguel, confronted with his family's ancestral ban on music, enters the Land of the Dead to find his great-great-grandfather, a legendary singer.","English, Spanish","United States, Mexico",Won 2 Oscars. 113 wins & 42 nominations total,"https://m.media-amazon.com/images/M/MV5BMDIyM2E2NTAtMzlhNy00ZGUxLWI1NjgtZDY5MzhiMDc5NGU3XkEyXkFqcGc@._V1_QL75_UY562_CR7,0,380,562_.jpg","[{'Source': 'Internet Movie Database', 'Value': '8.4/10'}, {'Source': 'Rotten Tomatoes', 'Value': '97%'}, {'Source': 'Metacritic', 'Value': '81/100'}]",81,8.4,"704,092",tt2380307,movie,N/A,"$210,460,015",N/A,N/A,True
The Incredibles,2004,PG,05 Nov 2004,115 min,"Animation, Action, Adventure",Brad Bird,Brad Bird,"Craig T. Nelson, Samuel L. Jackson, Holly Hunter","While trying to lead a quiet suburban life, a family of undercover superheroes are forced into action to save the world.","English, French, German, Italian, Portuguese, Russian",United States,Won 2 Oscars. 70 wins & 56 nominations total,https://m.media-amazon.com/images/M/MV5BMTY5OTU0OTc2NV5BMl5BanBnXkFtZTcwMzU4MDcyMQ@@._V1_SX300.jpg,"[{'Source': 'Internet Movie Database', 'Value': '8.0/10'}, {'Source': 'Metacritic', 'Value': '90/100'}]",90,8.0,"891,503",tt0317705,movie,29 Mar 2005,"$261,441,092",N/A,N/A,True
The Queen's Gambit,2020,TV-MA,23 Oct 2020,395 min,Drama,N/A,"Scott Frank, Allan Scott","Anya Taylor-Joy, Chloe Pirrie, Bill Camp","Orphaned at the tender age of nine, prodigious introvert Beth Harmon discovers and masters the game of chess in 1960s USA. But child stardom comes at a price.","English, French, Spanish, Russian",United States,Won 11 Primetime Emmys. 55 wins & 44 nominations total,"https://m.media-amazon.com/images/M/MV5BMmRlNjQxNWQtMjk1OS00N2QxLTk0YWQtMzRhYjY5YTFhNjMxXkEyXkFqcGc@._V1_QL75_UX380_CR0,0,380,562_.jpg","[{'Source': 'Internet Movie Database', 'Value': '8.5/10'}]",N/A,8.5,"660,375",tt10048342,series,1,True
Edge of Tomorrow,2014,PG-13,06 Jun 2014,113 min,"Action, Adventure, Sci-Fi",Doug Liman,"Christopher McQuarrie, Jez Butterworth, John-Henry Butterworth","Tom Cruise, Emily Blunt, Bill Paxton",A man fighting in a war against aliens must relive the same day every time he dies until he can find a way to stop their power source with the help of an elite soldier.,English,"United States, Canada, India, Australia",11 wins & 38 nominations total,"https://m.media-amazon.com/images/M/MV5BMTc5OTk4MTM3M15BMl5BanBnXkFtZTgwODcxNjg3MDE@._V1_QL75_UX380_CR0,0,380,562_.jpg","[{'Source': 'Internet Movie Database', 'Value': '7.9/10'}, {'Source': 'Rotten Tomatoes', 'Value': '91%'}, {'Source': 'Metacritic', 'Value': '71/100'}]",71,7.9,"802,767",tt1631867,movie,N/A,"$100,206,256",N/A,N/A,True
Hacksaw Ridge,2016,R,04 Nov 2016,139 min,"Biography, Drama, History",Mel Gibson,"Robert Schenkkan, Andrew Knight","Andrew Garfield, Sam Worthington, Luke Bracey","World War II American Army Medic Desmond T. Doss, serving during the Battle of Okinawa, refuses to kill people and becomes the first man in American history to receive the Medal of Honor without firing a shot.","English, Japanese",United States,Won 2 Oscars. 57 wins & 115 nominations total,"https://m.media-amazon.com/images/M/MV5BMjQ1NjM3MTUxNV5BMl5BanBnXkFtZTgwMDc5MTY5OTE@._V1_QL75_UX380_CR0,12,380,562_.jpg","[{'Source': 'Internet Movie Database', 'Value': '8.1/10'}, {'Source': 'Rotten Tomatoes', 'Value': '84%'}, {'Source': 'Metacritic', 'Value': '71/100'}]",71,8.1,"679,234",tt2119532,movie,N/A,"$67,209,615",N/A,N/A,True
The Flash,2023,PG-13,16 Jun 2023,144 min,"Action, Adventure, Fantasy",Andy Muschietti,"Christina Hodson, John Francis Daley, Jonathan Goldstein","Ezra Miller, Michael Keaton, Sasha Calle","Barry Allen uses his super speed to change the past, but his attempt to save his family creates a world without super heroes, forcing him to race for his life in order to save the future.",English,"United States, Canada, Australia, New Zealand",5 wins & 7 nominations total,"https://m.media-amazon.com/images/M/MV5BYmE2NzBjNGUtNTJiMy00N2UxLWEyYzMtYzFjODFhMGZlOTgzXkEyXkFqcGc@._V1_QL75_UX380_CR0,0,380,562_.jpg","[{'Source': 'Internet Movie Database', 'Value': '6.6/10'}, {'Source': 'Rotten Tomatoes', 'Value': '63%'}, {'Source': 'Metacritic', 'Value': '55/100'}]",55,6.6,"246,759",tt0439572,movie,N/A,"$108,133,313",N/A,N/A,True
Cars,2006,G,09 Jun 2006,116 min,"Animation, Adventure, Comedy","John Lasseter, Joe Ranft","Dan Fogelman, John Lasseter, Joe Ranft","Owen Wilson, Bonnie Hunt, Paul Newman","On the way to the biggest race of his life, a hotshot rookie race car gets stranded in a rundown town and learns that winning isn't everything in life.","English, Italian, Japanese, Yiddish",United States,Nominated for 2 Oscars. 28 wins & 34 nominations total,https://m.media-amazon.com/images/M/MV5BMTg5NzY0MzA2MV5BMl5BanBnXkFtZTYwNDc3NTc2._V1_SX300.jpg,"[{'Source': 'Internet Movie Database', 'Value': '7.3/10'}, {'Source': 'Rotten Tomatoes', 'Value': '74%'}, {'Source': 'Metacritic', 'Value': '73/100'}]",73,7.3,"528,959",tt0317219,movie,N/A,"$244,082,982",N/A,N/A,True
Cars 2,2011,G,24 Jun 2011,106 min,"Animation, Adventure, Comedy","John Lasseter, Bradford Lewis","Ben Queen, John Lasseter, Bradford Lewis","Owen Wilson, Larry the Cable Guy, Michael Caine",Star race car Lightning McQueen and his pal Mater head overseas to compete in the World Grand Prix race. But the road to the championship becomes rocky as Mater gets caught up in an intriguing adventure of his own: international e...,"English, Japanese, Italian, French, Russian","United States, Japan, India, United Kingdom, Australia",1 win & 19 nominations total,https://m.media-amazon.com/images/M/MV5BMTUzNTc3MTU3M15BMl5BanBnXkFtZTcwMzIxNTc3NA@@._V1_SX300.jpg,"[{'Source': 'Internet Movie Database', 'Value': '6.2/10'}, {'Source': 'Rotten Tomatoes', 'Value': '40%'}, {'Source': 'Metacritic', 'Value': '57/100'}]",57,6.2,"251,842",tt1216475,movie,N/A,"$191,452,396",N/A,N/A,True
Kung Fu Panda 2,2011,PG,26 May 2011,90 min,"Animation, Action, Adventure",Jennifer Yuh Nelson,"Jonathan Aibel, Glenn Berger, Ethan Reiff","Jack Black, Angelina Jolie, Jackie Chan","Po and his friends fight to stop a peacock villain from conquering China with a deadly new weapon, but first the Dragon Warrior must come to terms with his past.",English,United States,Nominated for 1 Oscar. 5 wins & 47 nominations total,https://m.media-amazon.com/images/M/MV5BYmIxMGYzMTUtZDQzYy00ODc4LWE1YzQtZGMwYTc0YTYyYTE0XkEyXkFqcGc@._V1_SX300.jpg,"[{'Source': 'Internet Movie Database', 'Value': '7.3/10'}, {'Source': 'Rotten Tomatoes', 'Value': '82%'}, {'Source': 'Metacritic', 'Value': '67/100'}]",67,7.3,"349,971",tt1302011,movie,N/A,"$165,249,063",N/A,N/A,True
Watchmen,2009,R,06 Mar 2009,162 min,"Action, Drama, Mystery",Zack Snyder,"Dave Gibbons, David Hayter, Alex Tse","Jackie Earle Haley, Patrick Wilson, Carla Gugino","In a version of 1985 where superheroes exist, the murder of a colleague sends active vigilante Rorschach on the trail of a conspiracy that will change the course of history.",English,United States,12 wins & 24 nominations total,https://m.media-amazon.com/images/M/MV5BYmJiNTUwYWUtZDllNi00ODdjLWFmNTEtOTVlNmYxYTZhNzYzXkEyXkFqcGc@._V1_SX300.jpg,"[{'Source': 'Internet Movie Database', 'Value': '7.6/10'}, {'Source': 'Rotten Tomatoes', 'Value': '64%'}, {'Source': 'Metacritic', 'Value': '56/100'}]",56,7.6,"608,552",tt0409459,movie,N/A,"$107,509,799",N/A,N/A,True
Jurassic Park,1993,PG-13,11 Jun 1993,127 min,"Action, Adventure, Sci-Fi",Steven Spielberg,"Michael Crichton, David Koepp","Sam Neill, Laura Dern, Jeff Goldblum","An industrialist invites some experts to visit his theme park of cloned dinosaurs. After a power failure, the creatures run loose, putting everyone's lives, including his grandchildren's, in danger.","English, Spanish",United States,Won 3 Oscars. 44 wins & 27 nominations total,https://m.media-amazon.com/images/M/MV5BMjM2MDgxMDg0Nl5BMl5BanBnXkFtZTgwNTM2OTM5NDE@._V1_SX300.jpg,"[{'Source': 'Internet Movie Database', 'Value': '8.2/10'}, {'Source': 'Rotten Tomatoes', 'Value': '91%'}, {'Source': 'Metacritic', 'Value': '68/100'}]",68,8.2,"1,167,043",tt0107290,movie,N/A,"$407,185,075",N/A,N/A,True
TRON: Legacy,2010,PG,17 Dec 2010,125 min,"Action, Adventure, Sci-Fi",Joseph Kosinski,"Edward Kitsis, Adam Horowitz, Brian Klugman","Jeff Bridges, Garrett Hedlund, Olivia Wilde",The son of a computer programmer goes looking for his father and ends up inside the digital world that his father designed. He meets his father's corrupted creation and a unique ally who was born inside the digital world.,English,"United States, India, United Kingdom, Mexico, Japan, Canada",Nominated for 1 Oscar. 10 wins & 52 nominations total,"https://m.media-amazon.com/images/M/MV5BMTk4NTk4MTk1OF5BMl5BanBnXkFtZTcwNTE2MDIwNA@@._V1_QL75_UX380_CR0,0,380,562_.jpg","[{'Source': 'Internet Movie Database', 'Value': '6.8/10'}, {'Source': 'Rotten Tomatoes', 'Value': '51%'}, {'Source': 'Metacritic', 'Value': '49/100'}]",49,6.8,"386,829",tt1104001,movie,N/A,"$172,062,763",N/A,N/A,True
The Room,2003,R,27 Jun 2003,99 min,Drama,Tommy Wiseau,Tommy Wiseau,"Tommy Wiseau, Juliette Danielle, Greg Sestero","In San Francisco, an amiable banker's seemingly perfect life is turned upside down when his deceitful bride-to-be embarks on a passionate affair with his best friend.",English,United States,1 win total,https://m.media-amazon.com/images/M/MV5BYmNkMThiODYtZTAzMC00ODJkLTg5MmEtMWIyMGFlZDlkYmNlXkEyXkFqcGc@._V1_SX300.jpg,"[{'Source': 'Internet Movie Database', 'Value': '3.6/10'}, {'Source': 'Rotten Tomatoes', 'Value': '24%'}, {'Source': 'Metacritic', 'Value': '9/100'}]",9,3.6,"98,635",tt0368226,movie,N/A,"$549,602","Chloe Productions, Wiseau-Films, TPW Films",N/A,True
Mulan,1998,G,19 Jun 1998,87 min,"Animation, Adventure, Comedy","Tony Bancroft, Barry Cook","Robert D. San Souci, Rita Hsiao, Chris Sanders","Ming-Na Wen, Eddie Murphy, BD Wong","To save her father from death in the army, a young maiden secretly goes in his place and becomes one of China's greatest heroines in the process.","English, Mandarin",United States,Nominated for 1 Oscar. 17 wins & 21 nominations total,https://m.media-amazon.com/images/M/MV5BYzU0ZTQxZDktOGY0Yy00NjdiLTllNDItMTMzMjI1YjMyYjRhXkEyXkFqcGc@._V1_SX300.jpg,"[{'Source': 'Internet Movie Database', 'Value': '7.7/10'}, {'Source': 'Rotten Tomatoes', 'Value': '91%'}, {'Source': 'Metacritic', 'Value': '72/100'}]",72,7.7,"343,199",tt0120762,movie,N/A,"$120,620,254",N/A,N/A,True
The Invention of Lying,2009,PG-13,02 Oct 2009,100 min,"Comedy, Fantasy, Romance","Ricky Gervais, Matthew Robinson","Ricky Gervais, Matthew Robinson","Ricky Gervais, Jennifer Garner, Jonah Hill","A comedy set in a world where no one has ever lied, until a writer seizes the opportunity for personal gain.",English,"United States, United Kingdom",1 nomination total,https://m.media-amazon.com/images/M/MV5BMTU2OTQzOTc1Nl5BMl5BanBnXkFtZTcwNDM5MDE4Mg@@._V1_SX300.jpg,"[{'Source': 'Internet Movie Database', 'Value': '6.4/10'}, {'Source': 'Rotten Tomatoes', 'Value': '56%'}, {'Source': 'Metacritic', 'Value': '58/100'}]",58,6.4,"155,052",tt1058017,movie,N/A,"$18,451,251",N/A,N/A,True
It's What's Inside,2024,R,04 Oct 2024,103 min,"Comedy, Mystery, Sci-Fi",Greg Jardin,Greg Jardin,"Brittany O'Grady, James Morosini, Gavin Leatherwood","A group of friends gather for a pre-wedding party that descends into an existential nightmare when an estranged friend arrives with a mysterious game that awakens long-hidden secrets, desires and grudges.",English,United States,1 win & 3 nominations total,https://m.media-amazon.com/images/M/MV5BNDkxOTZmZTYtYTNmNS00MDk3LWE0MDAtMzY5M2Y5YmU1MmI2XkEyXkFqcGc@._V1_SX300.jpg,"[{'Source': 'Internet Movie Database', 'Value': '6.6/10'}, {'Source': 'Metacritic', 'Value': '56/100'}]",56,6.6,"46,759",tt14577874,movie,N/A,N/A,N/A,N/A,True
Gladiator II,2024,R,22 Nov 2024,148 min,"Action, Adventure, Drama",Ridley Scott,"David Franzoni, Peter Craig, David Scarpa","Paul Mescal, Denzel Washington, Pedro Pascal","After his home is conquered by the tyrannical emperors who now lead Rome, Lucius is forced to enter the Colosseum and must look to his past to find strength to return the glory of Rome to its people.","English, Latin","United Kingdom, United States",Nominated for 1 Oscar. 9 wins & 113 nominations total,"https://m.media-amazon.com/images/M/MV5BMWYzZTM5ZGQtOGE5My00NmM2LWFlMDEtMGNjYjdmOWM1MzA1XkEyXkFqcGc@._V1_QL75_UX380_CR0,0,380,562_.jpg","[{'Source': 'Internet Movie Database', 'Value': '6.4/10'}, {'Source': 'Rotten Tomatoes', 'Value': '70%'}, {'Source': 'Metacritic', 'Value': '64/100'}]",64,6.4,"296,954",tt9218128,movie,N/A,"$172,438,016",N/A,N/A,True
Mean Girls,2004,PG-13,30 Apr 2004,97 min,Comedy,Mark Waters,"Rosalind Wiseman, Tina Fey","Lindsay Lohan, Jonathan Bennett, Rachel McAdams","Cady Heron is a hit with The Plastics, the A-list girl clique at her new school, until she makes the mistake of falling for Aaron Samuels, the ex-boyfriend of alpha Plastic Regina George.","English, German, Vietnamese, Swahili","United States, Canada",7 wins & 25 nominations total,"https://m.media-amazon.com/images/M/MV5BMjE1MDQ4MjI1OV5BMl5BanBnXkFtZTcwNzcwODAzMw@@._V1_QL75_UY562_CR9,0,380,562_.jpg","[{'Source': 'Internet Movie Database', 'Value': '7.1/10'}, {'Source': 'Rotten Tomatoes', 'Value': '84%'}, {'Source': 'Metacritic', 'Value': '66/100'}]",66,7.1,"485,269",tt0377092,movie,N/A,"$86,058,055",N/A,N/A,True
A Star Is Born,2018,R,05 Oct 2018,136 min,"Drama, Music, Romance",Bradley Cooper,"Eric Roth, Bradley Cooper, Will Fetters","Lady Gaga, Bradley Cooper, Sam Elliott",A hard-drinking country music star falls in love with a singer whose career quickly takes off.,"English, French",United States,Won 1 Oscar. 99 wins & 288 nominations total,https://m.media-amazon.com/images/M/MV5BNGUxZTc0NTAtNzQwMy00MmM2LTgzMGYtZWIyY2E1MGFjYmM5XkEyXkFqcGc@._V1_SX300.jpg,"[{'Source': 'Internet Movie Database', 'Value': '7.6/10'}, {'Source': 'Rotten Tomatoes', 'Value': '90%'}, {'Source': 'Metacritic', 'Value': '88/100'}]",88,7.6,"445,763",tt1517451,movie,N/A,"$215,333,122",N/A,N/A,True
Monsters University,2013,G,21 Jun 2013,104 min,"Animation, Adventure, Comedy",Dan Scanlon,"Dan Scanlon, Daniel Gerson, Robert L. Baird","Billy Crystal, John Goodman, Steve Buscemi","A look at the relationship between Mike Wazowski and James P. ""Sully"" Sullivan during their days at Monsters University, when they weren't necessarily the best of friends.",English,United States,Nominated for 2 BAFTA 9 wins & 58 nominations total,https://m.media-amazon.com/images/M/MV5BMTUyODgwMDU3M15BMl5BanBnXkFtZTcwOTM4MjcxOQ@@._V1_SX300.jpg,"[{'Source': 'Internet Movie Database', 'Value': '7.2/10'}, {'Source': 'Rotten Tomatoes', 'Value': '80%'}, {'Source': 'Metacritic', 'Value': '65/100'}]",65,7.2,"421,121",tt1453405,movie,N/A,"$268,492,764",N/A,N/A,True
WandaVision,2021,TV-PG,15 Jan 2021,350 min,"Action, Comedy, Drama",N/A,Jac Schaeffer,"Elizabeth Olsen, Paul Bettany, Kathryn Hahn","Blends the style of classic sitcoms with the MCU, in which Wanda Maximoff and Vision - two super-powered beings living their ideal suburban lives - begin to suspect that everything is not as it seems.",English,United States,Won 3 Primetime Emmys. 33 wins & 97 nominations total,"https://m.media-amazon.com/images/M/MV5BZTMxMmM1ODItMTZiMS00NjI1LWEwODctMjQ4ZjY4ODliNDI0XkEyXkFqcGc@._V1_QL75_UX380_CR0,4,380,562_.jpg","[{'Source': 'Internet Movie Database', 'Value': '7.9/10'}]",N/A,7.9,"414,781",tt9140560,series,1,True
The Theory of Everything,2014,PG-13,26 Nov 2014,123 min,"Biography, Drama, Romance",James Marsh,"Anthony McCarten, Jane Hawking","Eddie Redmayne, Felicity Jones, Tom Prior",Stephen Hawking gets unprecedented success in the field of physics despite being diagnosed with motor neuron disease at the age of 21. He defeats awful odds as his first wife Jane aids him loyally.,"English, French, Ukrainian","United Kingdom, Japan, United States",Won 1 Oscar. 25 wins & 128 nominations total,https://m.media-amazon.com/images/M/MV5BMTAwMTU4MDA3NDNeQTJeQWpwZ15BbWU4MDk4NTMxNTIx._V1_SX300.jpg,"[{'Source': 'Internet Movie Database', 'Value': '7.7/10'}, {'Source': 'Rotten Tomatoes', 'Value': '81%'}, {'Source': 'Metacritic', 'Value': '71/100'}]",71,7.7,"505,970",tt2980516,movie,N/A,"$35,893,537",N/A,N/A,True
Cloudy with a Chance of Meatballs,2009,PG,18 Sep 2009,90 min,"Animation, Adventure, Comedy","Phil Lord, Christopher Miller","Phil Lord, Christopher Miller, Judi Barrett","Anna Faris, Bill Hader, Bruce Campbell",A local scientist is often regarded as a failure until he invents a machine that can make food fall from the sky. But little does he know that things are about to take a turn for the worst.,"English, French, Spanish, German",United States,1 win & 14 nominations total,https://m.media-amazon.com/images/M/MV5BMTg0MjAwNDI5MV5BMl5BanBnXkFtZTcwODkyMzg2Mg@@._V1_SX300.jpg,"[{'Source': 'Internet Movie Database', 'Value': '6.9/10'}, {'Source': 'Rotten Tomatoes', 'Value': '85%'}, {'Source': 'Metacritic', 'Value': '66/100'}]",66,6.9,"282,964",tt0844471,movie,N/A,"$124,870,275",N/A,N/A,True
Cars 3,2017,G,16 Jun 2017,102 min,"Animation, Adventure, Comedy",Brian Fee,"Brian Fee, Ben Queen, Eyal Podell","Owen Wilson, Cristela Alonzo, Chris Cooper",Lightning McQueen sets out to prove to a new generation of racers that he's still the best race car in the world.,English,"United States, Japan, Australia, United Kingdom, Canada",3 wins & 24 nominations total,https://m.media-amazon.com/images/M/MV5BMTc0NzU2OTYyN15BMl5BanBnXkFtZTgwMTkwOTg2MTI@._V1_SX300.jpg,"[{'Source': 'Internet Movie Database', 'Value': '6.7/10'}, {'Source': 'Rotten Tomatoes', 'Value': '70%'}, {'Source': 'Metacritic', 'Value': '59/100'}]",59,6.7,"148,184",tt3606752,movie,N/A,"$152,901,115",N/A,N/A,True
The Menu,2022,R,18 Nov 2022,107 min,"Comedy, Horror, Thriller",Mark Mylod,"Seth Reiss, Will Tracy","Ralph Fiennes, Anya Taylor-Joy, Nicholas Hoult","A young couple travels to a remote island to eat at an exclusive restaurant where the chef has prepared a lavish menu, with some shocking surprises.","English, Spanish",United States,2 wins & 68 nominations total,"https://m.media-amazon.com/images/M/MV5BN2Q0YWE1MjktODJlMi00NTRiLWI2ZTctZTAxNjkyODVjM2EyXkEyXkFqcGc@._V1_QL75_UX380_CR0,4,380,562_.jpg","[{'Source': 'Internet Movie Database', 'Value': '7.2/10'}, {'Source': 'Rotten Tomatoes', 'Value': '88%'}, {'Source': 'Metacritic', 'Value': '71/100'}]",71,7.2,"496,461",tt9764362,movie,N/A,"$38,501,125",N/A,N/A,True
Knives Out,2019,PG-13,27 Nov 2019,130 min,"Comedy, Crime, Drama",Rian Johnson,Rian Johnson,"Daniel Craig, Chris Evans, Ana de Armas","When renowned crime novelist Harlan Thrombey is found dead at his estate just after his 85th birthday, the inquisitive and debonair Detective Benoit Blanc is mysteriously enlisted to investigate.",English,United States,Nominated for 1 Oscar. 52 wins & 114 nominations total,"https://m.media-amazon.com/images/M/MV5BZDU5ZTRkYmItZjg0Mi00ZTQwLThjMWItNWM3MTMxMzVjZmVjXkEyXkFqcGc@._V1_QL75_UX380_CR0,0,380,562_.jpg","[{'Source': 'Internet Movie Database', 'Value': '7.9/10'}, {'Source': 'Rotten Tomatoes', 'Value': '97%'}, {'Source': 'Metacritic', 'Value': '82/100'}]",82,7.9,"875,016",tt8946378,movie,N/A,"$165,363,234",N/A,N/A,True
Inglourious Basterds,2009,R,21 Aug 2009,153 min,"Adventure, Drama, War",Quentin Tarantino,Quentin Tarantino,"Brad Pitt, Diane Kruger, Eli Roth","In Nazi-occupied France during World War II, a plan to assassinate Nazi leaders by a group of Jewish U.S. soldiers coincides with a theatre owner's vengeful plans for the same.","English, German, French, Italian","United States, Germany",Won 1 Oscar. 134 wins & 173 nominations total,"https://m.media-amazon.com/images/M/MV5BODZhMWJlNjYtNDExNC00MTIzLTllM2ItOGQ2NGVjNDQ3MzkzXkEyXkFqcGc@._V1_QL75_UX380_CR0,0,380,562_.jpg","[{'Source': 'Internet Movie Database', 'Value': '8.4/10'}, {'Source': 'Rotten Tomatoes', 'Value': '89%'}, {'Source': 'Metacritic', 'Value': '69/100'}]",69,8.4,"1,778,290",tt0361748,movie,N/A,"$120,540,719",N/A,N/A,True
Inception,2010,PG-13,16 Jul 2010,148 min,"Action, Adventure, Sci-Fi",Christopher Nolan,Christopher Nolan,"Leonardo DiCaprio, Joseph Gordon-Levitt, Elliot Page","A thief who steals corporate secrets through the use of dream-sharing technology is given the inverse task of planting an idea into the mind of a CEO, but his tragic past may doom the project and his team to disaster.","English, Japanese, French","United Kingdom, United States",Won 4 Oscars. 160 wins & 220 nominations total,"https://m.media-amazon.com/images/M/MV5BMjAxMzY3NjcxNF5BMl5BanBnXkFtZTcwNTI5OTM0Mw@@._V1_QL75_UX380_CR0,0,380,562_.jpg","[{'Source': 'Internet Movie Database', 'Value': '8.8/10'}, {'Source': 'Rotten Tomatoes', 'Value': '87%'}, {'Source': 'Metacritic', 'Value': '74/100'}]",74,8.8,"2,811,614",tt1375666,movie,N/A,"$292,587,330",N/A,N/A,True
Maestro,2023,R,20 Dec 2023,129 min,"Biography, Drama, History",Bradley Cooper,"Bradley Cooper, Josh Singer","Carey Mulligan, Bradley Cooper, Matt Bomer",This love story chronicles the lifelong relationship of conductor-composer Leonard Bernstein and actress Felicia Montealegre Cohn Bernstein.,English,"United States, Canada",Nominated for 7 Oscars. 27 wins & 180 nominations total,https://m.media-amazon.com/images/M/MV5BY2M1MWUyYzctMzk1Zi00M2RkLTkwY2YtMzE4MDhiZGQwZmU5XkEyXkFqcGc@._V1_SX300.jpg,"[{'Source': 'Internet Movie Database', 'Value': '6.5/10'}, {'Source': 'Metacritic', 'Value': '77/100'}]",77,6.5,"67,592",tt5535276,movie,N/A,N/A,N/A,N/A,True
The Hunger Games: The Ballad of Songbirds & Snakes,2023,PG-13,17 Nov 2023,157 min,"Action, Adventure, Drama",Francis Lawrence,"Michael Lesslie, Michael Arndt, Suzanne Collins","Rachel Zegler, Tom Blyth, Viola Davis",Coriolanus Snow mentors and develops feelings for the female District 12 tribute during the 10th Hunger Games.,English,"United States, Canada",7 wins & 29 nominations total,https://m.media-amazon.com/images/M/MV5BZDk2YjNhYzEtYzg2ZC00OWEwLWJhYzgtMGUzMWVjNDFmYzI5XkEyXkFqcGc@._V1_SX300.jpg,"[{'Source': 'Internet Movie Database', 'Value': '6.6/10'}, {'Source': 'Rotten Tomatoes', 'Value': '64%'}, {'Source': 'Metacritic', 'Value': '54/100'}]",54,6.6,"179,656",tt10545296,movie,N/A,"$166,350,594",N/A,N/A,True
Barbie,2023,PG-13,21 Jul 2023,114 min,"Adventure, Comedy, Fantasy",Greta Gerwig,"Greta Gerwig, Noah Baumbach","Margot Robbie, Ryan Gosling, Issa Rae","Barbie and Ken are having the time of their lives in the seemingly perfect world of Barbie Land. However, when they get a chance to go to the outside world, they soon discover the joys and perils of living among regular humans.","English, Spanish","United States, United Kingdom",Won 1 Oscar. 215 wins & 436 nominations total,"https://m.media-amazon.com/images/M/MV5BYjI3NDU0ZGYtYjA2YS00Y2RlLTgwZDAtYTE2YTM5ZjE1M2JlXkEyXkFqcGc@._V1_QL75_UX380_CR0,0,380,562_.jpg","[{'Source': 'Internet Movie Database', 'Value': '6.8/10'}, {'Source': 'Rotten Tomatoes', 'Value': '88%'}, {'Source': 'Metacritic', 'Value': '80/100'}]",80,6.8,"667,737",tt1517268,movie,N/A,"$636,238,421",N/A,N/A,True
12 Angry Men,1957,Approved,10 Apr 1957,96 min,"Crime, Drama",Sidney Lumet,Reginald Rose,"Henry Fonda, Lee J. Cobb, Martin Balsam",The jury in a New York City murder trial is frustrated by a single member whose skeptical caution forces them to more carefully consider the evidence before jumping to a hasty verdict.,English,United States,Nominated for 3 Oscars. 16 wins & 12 nominations total,"https://m.media-amazon.com/images/M/MV5BYjE4NzdmOTYtYjc5Yi00YzBiLWEzNDEtNTgxZGQ2MWVkN2NiXkEyXkFqcGc@._V1_QL75_UX380_CR0,11,380,562_.jpg","[{'Source': 'Internet Movie Database', 'Value': '9.0/10'}, {'Source': 'Rotten Tomatoes', 'Value': '100%'}, {'Source': 'Metacritic', 'Value': '97/100'}]",97,9.0,"981,488",tt0050083,movie,N/A,N/A,N/A,N/A,True
Glass Onion,2022,PG-13,23 Dec 2022,139 min,"Comedy, Crime, Drama",Rian Johnson,Rian Johnson,"Daniel Craig, Edward Norton, Kate Hudson","Tech billionaire Miles Bron invites his friends for a getaway on his private Greek island. When someone turns up dead, Detective Benoit Blanc is put on the case.","English, French",United States,Nominated for 1 Oscar. 53 wins & 140 nominations total,"https://m.media-amazon.com/images/M/MV5BMzI2ZDYxZTEtMzVlOC00OTUyLTgyNTAtYWFhNmRhZjAzZWE1XkEyXkFqcGc@._V1_QL75_UX380_CR0,0,380,562_.jpg","[{'Source': 'Internet Movie Database', 'Value': '7.1/10'}, {'Source': 'Rotten Tomatoes', 'Value': '91%'}, {'Source': 'Metacritic', 'Value': '81/100'}]",81,7.1,"522,178",tt11564570,movie,N/A,"$13,280,000",N/A,N/A,True
Legally Blonde,2001,PG-13,13 Jul 2001,96 min,"Comedy, Romance",Robert Luketic,"Amanda Brown, Karen McCullah, Kirsten Smith","Reese Witherspoon, Luke Wilson, Selma Blair","Fashionable sorority queen Elle Woods follows her ex-boyfriend to law school, where she discovers that there is more to her than just looks.","English, Vietnamese",United States,6 wins & 14 nominations total,https://m.media-amazon.com/images/M/MV5BNTEyNjUwMTkxMV5BMl5BanBnXkFtZTcwNjk0NDk0NA@@._V1_SX300.jpg,"[{'Source': 'Internet Movie Database', 'Value': '6.5/10'}, {'Source': 'Rotten Tomatoes', 'Value': '75%'}, {'Source': 'Metacritic', 'Value': '59/100'}]",59,6.5,"277,674",tt0250494,movie,N/A,"$96,520,674",N/A,N/A,True
A Silent Voice: The Movie,2016,Not Rated,17 Sep 2016,130 min,"Animation, Drama",Naoko Yamada,"Yoshitoki Ôima, Reiko Yoshida","Miyu Irino, Saori Hayami, Aoi Yûki","A deaf girl, Shoko, is bullied by the popular Shoya. As Shoya continues to bully Shoko, the class turns its back on him. Shoko transfers and Shoya grows up as an outcast. Alone and depressed, the regretful Shoya finds Shoko to mak...","Japanese, Japanese Sign , English",Japan,6 wins & 9 nominations total,https://m.media-amazon.com/images/M/MV5BOTFiNzRiOWEtYTQwNy00NmRiLWE0ZWYtNTE0YjExZjFmZjkwXkEyXkFqcGc@._V1_SX300.jpg,"[{'Source': 'Internet Movie Database', 'Value': '8.2/10'}, {'Source': 'Metacritic', 'Value': '78/100'}]",78,8.2,"137,111",tt5323662,movie,N/A,"$1,079,689",N/A,N/A,True
Your Name.,2016,TV-PG,07 Apr 2017,106 min,"Animation, Drama, Fantasy",Makoto Shinkai,Makoto Shinkai,"Ryûnosuke Kamiki, Mone Kamishiraishi, Ryo Narita","Two teenagers share a profound, magical connection upon discovering they are swapping bodies. Things manage to become even more complicated when the boy and girl decide to meet in person.",Japanese,Japan,17 wins & 27 nominations total,https://m.media-amazon.com/images/M/MV5BMjI1ODZkYTgtYTY3Yy00ZTJkLWFkOTgtZDUyYWM4MzQwNjk0XkEyXkFqcGc@._V1_SX300.jpg,"[{'Source': 'Internet Movie Database', 'Value': '8.4/10'}, {'Source': 'Rotten Tomatoes', 'Value': '98%'}, {'Source': 'Metacritic', 'Value': '81/100'}]",81,8.4,"385,171",tt5311514,movie,N/A,"$5,017,246",N/A,N/A,True
Ponyo,2008,G,14 Aug 2009,101 min,"Animation, Adventure, Comedy",Hayao Miyazaki,Hayao Miyazaki,"Tomoko Yamaguchi, Kazushige Nagashima, Yûki Amami","A five-year-old boy develops a relationship with Ponyo, a young goldfish princess who longs to become a human after falling in love with him.","Japanese, English",Japan,12 wins & 20 nominations total,https://m.media-amazon.com/images/M/MV5BZDkzMzQ5ZmQtOTA3MC00MjhiLTk5M2UtNzk0MjEzZmVjN2UxXkEyXkFqcGc@._V1_SX300.jpg,"[{'Source': 'Internet Movie Database', 'Value': '7.6/10'}, {'Source': 'Rotten Tomatoes', 'Value': '91%'}, {'Source': 'Metacritic', 'Value': '86/100'}]",86,7.6,"183,104",tt0876563,movie,N/A,"$16,543,471",N/A,N/A,True
Dead Poets Society,1989,PG,09 Jun 1989,128 min,"Comedy, Drama",Peter Weir,Tom Schulman,"Robin Williams, Robert Sean Leonard, Ethan Hawke","Maverick teacher John Keating returns in 1959 to the prestigious New England boys' boarding school where he was once a star student, using poetry to embolden his pupils to new heights of self-expression.","English, Latin, French",United States,Won 1 Oscar. 20 wins & 19 nominations total,https://m.media-amazon.com/images/M/MV5BMDYwNGVlY2ItMWYxMS00YjZiLWE5MTAtYWM5NWQ2ZWJjY2Q3XkEyXkFqcGc@._V1_SX300.jpg,"[{'Source': 'Internet Movie Database', 'Value': '8.1/10'}, {'Source': 'Rotten Tomatoes', 'Value': '85%'}, {'Source': 'Metacritic', 'Value': '79/100'}]",79,8.1,"643,802",tt0097165,movie,N/A,"$95,860,116",N/A,N/A,True
Sinners,2025,R,18 Apr 2025,137 min,"Action, Drama, Horror",Ryan Coogler,Ryan Coogler,"Michael B. Jordan, Jack O&apos;Connell, Hailee Steinfeld","Trying to leave their troubled lives behind, twin brothers return to their hometown to start again, only to discover that an even greater evil is waiting to welcome them back.","English, Chinese","United States, Australia, Canada",Won 4 Oscars. 327 wins & 489 nominations total,"https://m.media-amazon.com/images/M/MV5BNjIwZWY4ZDEtMmIxZS00NDA4LTg4ZGMtMzUwZTYyNzgxMzk5XkEyXkFqcGc@._V1_QL75_UX380_CR0,0,380,562_.jpg","[{'Source': 'Internet Movie Database', 'Value': '7.5/10'}, {'Source': 'Rotten Tomatoes', 'Value': '97%'}, {'Source': 'Metacritic', 'Value': '84/100'}]",84,7.5,"472,042",tt31193180,movie,N/A,"$279,989,632",N/A,N/A,True
Superman,2025,PG-13,11 Jul 2025,129 min,"Action, Adventure, Sci-Fi",James Gunn,"James Gunn, Jerry Siegel, Joe Shuster","David Corenswet, Rachel Brosnahan, Nicholas Hoult","Superman must reconcile his alien Kryptonian heritage with his human upbringing as reporter Clark Kent. As the embodiment of truth, justice and the American way he soon finds himself in a world that views these as old-fashioned.",English,United States,5 wins & 73 nominations total,"https://m.media-amazon.com/images/M/MV5BOGMwZGJiM2EtMzEwZC00YTYzLWIxNzYtMmJmZWNlZjgxZTMwXkEyXkFqcGc@._V1_QL75_UY562_CR35,0,380,562_.jpg","[{'Source': 'Internet Movie Database', 'Value': '7.0/10'}, {'Source': 'Rotten Tomatoes', 'Value': '83%'}, {'Source': 'Metacritic', 'Value': '68/100'}]",68,7.0,"406,287",tt5950044,movie,N/A,"$354,223,803",N/A,N/A,True
Thunderbolts*,2025,PG-13,02 May 2025,127 min,"Action, Adventure, Crime",Jake Schreier,"Eric Pearson, Joanna Calo, Kurt Busiek","Florence Pugh, Sebastian Stan, Julia Louis-Dreyfus","After finding themselves ensnared in a death trap, an unconventional team of antiheroes must go on a dangerous mission that will force them to confront the darkest corners of their pasts.","English, Russian, Italian","United States, Australia, Canada",4 wins & 28 nominations total,"https://m.media-amazon.com/images/M/MV5BNDIzNGUwZmYtODM0Yy00NjA3LTgxOGUtOTY0ZGM5MjBkM2I3XkEyXkFqcGc@._V1_QL75_UX380_CR0,0,380,562_.jpg","[{'Source': 'Internet Movie Database', 'Value': '7.1/10'}, {'Source': 'Rotten Tomatoes', 'Value': '88%'}, {'Source': 'Metacritic', 'Value': '68/100'}]",68,7.1,"274,694",tt20969586,movie,N/A,"$190,274,328",N/A,N/A,True
KPop Demon Hunters,2025,PG,20 Jun 2025,95 min,"Animation, Action, Adventure","Chris Appelhans, Maggie Kang","Danya Jimenez, Hannah McMechan, Maggie Kang","Arden Cho, May Hong, Ji-young Yoo",A world-renowned K-Pop girl group balance their lives in the spotlight with their secret identities as demon hunters.,"English, Korean","United States, Canada",Won 2 Oscars. 107 wins & 50 nominations total,"https://m.media-amazon.com/images/M/MV5BNTBiYWJlMjQtOTIyMy00NTY4LWFhOWItOWZhNzc3NGMyMjc2XkEyXkFqcGc@._V1_QL75_UX380_CR0,0,380,562_.jpg","[{'Source': 'Internet Movie Database', 'Value': '7.4/10'}, {'Source': 'Rotten Tomatoes', 'Value': '91%'}, {'Source': 'Metacritic', 'Value': '77/100'}]",77,7.4,"130,920",tt14205554,movie,N/A,"$24,300,000",N/A,N/A,True
Starship Troopers,1997,R,07 Nov 1997,129 min,"Action, Adventure, Sci-Fi",Paul Verhoeven,"Edward Neumeier, Robert A. Heinlein","Casper Van Dien, Denise Richards, Dina Meyer","Humans, in a fascist militaristic future, wage war with giant alien bugs.",English,United States,Nominated for 1 Oscar. 3 wins & 16 nominations total,https://m.media-amazon.com/images/M/MV5BZTNiOGM1ZWUtZTZjZC00OWJmLWE2YzUtZjQ4ODZjZmVlMDU3XkEyXkFqcGc@._V1_SX300.jpg,"[{'Source': 'Internet Movie Database', 'Value': '7.3/10'}, {'Source': 'Rotten Tomatoes', 'Value': '72%'}, {'Source': 'Metacritic', 'Value': '52/100'}]",52,7.3,"343,889",tt0120201,movie,N/A,"$54,814,377",N/A,N/A,True
The Grand Budapest Hotel,2014,R,28 Mar 2014,99 min,"Comedy, Drama",Wes Anderson,"Stefan Zweig, Wes Anderson, Hugo Guinness","Ralph Fiennes, F. Murray Abraham, Mathieu Amalric","A writer encounters the owner of an aging high-class hotel, who tells him of his early years serving as a lobby boy in the hotel's glorious years under an exceptional concierge.","English, French, German","United States, Germany",Won 4 Oscars. 137 wins & 227 nominations total,"https://m.media-amazon.com/images/M/MV5BMzM5NjUxOTEyMl5BMl5BanBnXkFtZTgwNjEyMDM0MDE@._V1_QL75_UX380_CR0,0,380,562_.jpg","[{'Source': 'Internet Movie Database', 'Value': '8.1/10'}, {'Source': 'Rotten Tomatoes', 'Value': '92%'}, {'Source': 'Metacritic', 'Value': '88/100'}]",88,8.1,"968,286",tt2278388,movie,N/A,"$59,301,324",N/A,N/A,True
Everything Everywhere All at Once,2022,R,08 Apr 2022,139 min,"Action, Adventure, Comedy","Daniel Kwan, Daniel Scheinert","Daniel Kwan, Daniel Scheinert","Michelle Yeoh, Stephanie Hsu, Jamie Lee Curtis",A middle-aged Chinese immigrant is swept up into an insane adventure in which she alone can save existence by exploring other universes and connecting with the lives she could have led.,"English, Mandarin, Cantonese",United States,Won 7 Oscars. 408 wins & 382 nominations total,"https://m.media-amazon.com/images/M/MV5BOWNmMzAzZmQtNDQ1NC00Nzk5LTkyMmUtNGI2N2NkOWM4MzEyXkEyXkFqcGc@._V1_QL75_UY562_CR4,0,380,562_.jpg","[{'Source': 'Internet Movie Database', 'Value': '7.7/10'}, {'Source': 'Rotten Tomatoes', 'Value': '93%'}, {'Source': 'Metacritic', 'Value': '81/100'}]",81,7.7,"627,115",tt6710474,movie,N/A,"$77,191,785",N/A,N/A,True
F1,2025,PG-13,27 Jun 2025,155 min,"Action, Drama, Sport",Joseph Kosinski,"Joseph Kosinski, Ehren Kruger","Brad Pitt, Damson Idris, Javier Bardem",A Formula One driver comes out of retirement to mentor and team up with a younger driver.,"English, Spanish, German, Italian",United States,Won 1 Oscar. 31 wins & 129 nominations total,"https://m.media-amazon.com/images/M/MV5BNGI0MDI4NjEtOWU3ZS00ODQyLWFhYTgtNGYxM2ZkM2Q2YjE3XkEyXkFqcGc@._V1_QL75_UX380_CR0,0,380,562_.jpg","[{'Source': 'Internet Movie Database', 'Value': '7.6/10'}, {'Source': 'Rotten Tomatoes', 'Value': '82%'}, {'Source': 'Metacritic', 'Value': '68/100'}]",68,7.6,"353,753",tt16311594,movie,N/A,"$189,642,436",N/A,N/A,True
The Green Mile,1999,R,10 Dec 1999,189 min,"Crime, Drama, Fantasy",Frank Darabont,"Stephen King, Frank Darabont","Tom Hanks, Michael Clarke Duncan, David Morse",A death row guard learns that a gentle giant in his charge possesses a mysterious gift.,"English, French",United States,Nominated for 4 Oscars. 15 wins & 37 nominations total,"https://m.media-amazon.com/images/M/MV5BMTUxMzQyNjA5MF5BMl5BanBnXkFtZTYwOTU2NTY3._V1_QL75_UX380_CR0,0,380,562_.jpg","[{'Source': 'Internet Movie Database', 'Value': '8.6/10'}, {'Source': 'Rotten Tomatoes', 'Value': '78%'}, {'Source': 'Metacritic', 'Value': '61/100'}]",61,8.6,"1,557,536",tt0120689,movie,N/A,"$136,801,374",N/A,N/A,True
GoodFellas,1990,R,21 Sep 1990,145 min,"Biography, Crime, Drama",Martin Scorsese,"Nicholas Pileggi, Martin Scorsese","Robert De Niro, Ray Liotta, Joe Pesci","The story of Henry Hill and his life in the mafia, covering his relationship with his wife Karen and his mob partners Jimmy Conway and Tommy DeVito.","English, Italian, Hebrew, Yiddish",United States,Won 1 Oscar. 44 wins & 38 nominations total,"https://m.media-amazon.com/images/M/MV5BN2E5NzI2ZGMtY2VjNi00YTRjLWI1MDUtZGY5OWU1MWJjZjRjXkEyXkFqcGc@._V1_QL75_UX380_CR0,3,380,562_.jpg","[{'Source': 'Internet Movie Database', 'Value': '8.7/10'}, {'Source': 'Rotten Tomatoes', 'Value': '93%'}, {'Source': 'Metacritic', 'Value': '92/100'}]",92,8.7,"1,388,009",tt0099685,movie,N/A,"$46,909,721",N/A,N/A,True
Zootopia 2,2025,PG,26 Nov 2025,108 min,"Animation, Adventure, Comedy","Jared Bush, Byron Howard",Jared Bush,"Ginnifer Goodwin, Jason Bateman, Ke Huy Quan","Brave rabbit cop Judy Hopps and her friend, the fox Nick Wilde, team up again to crack a new case, the most perilous and intricate of their careers.",English,United States,Nominated for 1 Oscar. 20 wins & 90 nominations total,"https://m.media-amazon.com/images/M/MV5BYjg1Mjc3MjQtMTZjNy00YWVlLWFhMWEtMWI3ZTgxYjJmNmRlXkEyXkFqcGc@._V1_QL75_UX380_CR0,0,380,562_.jpg","[{'Source': 'Internet Movie Database', 'Value': '7.3/10'}, {'Source': 'Rotten Tomatoes', 'Value': '92%'}, {'Source': 'Metacritic', 'Value': '73/100'}]",73,7.3,"141,989",tt26443597,movie,N/A,"$428,130,160",N/A,N/A,True
The Martian,2015,PG-13,02 Oct 2015,144 min,"Adventure, Drama, Sci-Fi",Ridley Scott,"Drew Goddard, Andy Weir","Matt Damon, Jessica Chastain, Kristen Wiig","An astronaut becomes stranded on Mars after his team assumes him dead, and must rely on his ingenuity to find a way to signal to Earth that he is alive and can survive until a potential rescue.","English, Mandarin","United States, United Kingdom, Hungary, Jordan",Nominated for 7 Oscars. 40 wins & 199 nominations total,https://m.media-amazon.com/images/M/MV5BMTc2MTQ3MDA1Nl5BMl5BanBnXkFtZTgwODA3OTI4NjE@._V1_SX300.jpg,"[{'Source': 'Internet Movie Database', 'Value': '8.0/10'}, {'Source': 'Rotten Tomatoes', 'Value': '91%'}, {'Source': 'Metacritic', 'Value': '80/100'}]",80,8.0,"999,128",tt3659388,movie,N/A,"$228,433,663",N/A,N/A,True
Little Women,2019,PG,25 Dec 2019,135 min,"Drama, Romance",Greta Gerwig,"Greta Gerwig, Louisa May Alcott","Saoirse Ronan, Emma Watson, Florence Pugh","In 19th century Massachusetts, the March sisters--Meg, Jo, Beth, and Amy--on the threshold of womanhood, go through many ups and downs in life and endeavor to make important decisions about their futures.","English, French",United States,Won 1 Oscar. 73 wins & 229 nominations total,"https://m.media-amazon.com/images/M/MV5BMWMzYjNiZWMtMDg4NS00MDgyLTk5MWItOTFmNjg4NzRhZmExXkEyXkFqcGc@._V1_QL75_UX380_CR0,0,380,562_.jpg","[{'Source': 'Internet Movie Database', 'Value': '7.8/10'}, {'Source': 'Rotten Tomatoes', 'Value': '95%'}, {'Source': 'Metacritic', 'Value': '91/100'}]",91,7.8,"283,447",tt3281548,movie,N/A,"$108,101,214",N/A,N/A,True
Madagascar,2005,PG,27 May 2005,86 min,"Animation, Adventure, Comedy","Eric Darnell, Tom McGrath","Mark Burton, Billy Frolick, Eric Darnell","Chris Rock, Ben Stiller, David Schwimmer","A group of animals who have spent all their life in a New York zoo end up in the jungles of Madagascar, and must adjust to living in the wild.","English, Portuguese, Spanish, German, French, American Sign ","United States, Canada, United Kingdom",4 wins & 32 nominations total,https://m.media-amazon.com/images/M/MV5BYjk4OGFmZmYtYWE4NC00MzM4LTkwZTItODdhMjk3NTZjMmI5XkEyXkFqcGc@._V1_SX300.jpg,"[{'Source': 'Internet Movie Database', 'Value': '6.9/10'}, {'Source': 'Rotten Tomatoes', 'Value': '55%'}, {'Source': 'Metacritic', 'Value': '57/100'}]",57,6.9,"473,809",tt0351283,movie,N/A,"$194,820,396",N/A,N/A,True
A Minecraft Movie,2025,PG,04 Apr 2025,101 min,"Action, Adventure, Comedy",Jared Hess,"Chris Bowman, Hubbel Palmer, Neil Widener","Jason Momoa, Jack Black, Sebastian Hansen",Four misfits are suddenly pulled through a mysterious portal into a bizarre cubic wonderland that thrives on imagination. To get back home they'll have to master this world while embarking on a quest with an unexpected expert craf...,"English, Spanish","United States, Sweden, New Zealand, Canada",2 wins & 15 nominations total,https://m.media-amazon.com/images/M/MV5BYzFjMzNjOTktNDBlNy00YWZhLWExYTctZDcxNDA4OWVhOTJjXkEyXkFqcGc@._V1_SX300.jpg,"[{'Source': 'Internet Movie Database', 'Value': '5.6/10'}, {'Source': 'Metacritic', 'Value': '45/100'}]",45,5.6,"153,774",tt3566834,movie,N/A,"$424,087,780",Warner Bros. Pictures,N/A,True
Wake Up Dead Man,2025,PG-13,12 Dec 2025,144 min,"Comedy, Crime, Drama",Rian Johnson,Rian Johnson,"Daniel Craig, Josh O'Connor, Glenn Close",Detective Benoit Blanc teams up with an earnest young priest to investigate a perfectly impossible crime at a small-town church with a dark history.,English,United States,8 wins & 54 nominations total,"https://m.media-amazon.com/images/M/MV5BY2Q0OTA5MTEtNWU4NC00ZWFmLTg5NmYtNDFmODViYWUxZmJkXkEyXkFqcGc@._V1_QL75_UX380_CR0,0,380,562_.jpg","[{'Source': 'Internet Movie Database', 'Value': '7.3/10'}, {'Source': 'Metacritic', 'Value': '80/100'}]",80,7.3,"232,785",tt14364480,movie,N/A,"$1,600,000",N/A,N/A,True
The Sheep Detectives,2026,PG,08 May 2026,109 min,"Comedy, Family, Mystery",Kyle Balda,"Craig Mazin, Leonie Swann","Hugh Jackman, Brett Goldstein, Patrick Stewart","Every night a shepherd reads aloud a murder mystery, pretending his sheep can understand. When he is found dead, the sheep realize at once that it was a murder and think they know everything about how to go about solving it.",English,"Ireland, United Kingdom, United States",1 win total,"https://m.media-amazon.com/images/M/MV5BNTFmZWI4YmMtNmQ0ZC00ZGQwLTk1OWEtZjAyZmIzOGY0MGFiXkEyXkFqcGc@._V1_QL75_UX380_CR0,0,380,562_.jpg","[{'Source': 'Internet Movie Database', 'Value': '7.5/10'}, {'Source': 'Rotten Tomatoes', 'Value': '95%'}, {'Source': 'Metacritic', 'Value': '72/100'}]",72,7.5,"34,966",tt32565993,movie,N/A,"$65,051,620",N/A,N/A,True
Michael,2026,PG-13,24 Apr 2026,127 min,"Biography, Drama, History",Antoine Fuqua,John Logan,"Jaafar Jackson, Nia Long, Colman Domingo","The early life of musician Michael Jackson, from the discovery of his talent as the lead of the Jackson Five to the artist whose creative ambition fueled a pursuit to become the biggest entertainer in the world.",English,"United States, Canada",7 wins & 5 nominations total,"https://m.media-amazon.com/images/M/MV5BNzllNmRlN2EtMDQyOC00ODJjLTg4OWQtZDNmNGU3YzlkNjc1XkEyXkFqcGc@._V1_QL75_UX380_CR0,0,380,562_.jpg","[{'Source': 'Internet Movie Database', 'Value': '7.5/10'}, {'Source': 'Rotten Tomatoes', 'Value': '38%'}, {'Source': 'Metacritic', 'Value': '39/100'}]",39,7.5,"144,205",tt11378946,movie,N/A,"$371,294,610",N/A,N/A,True
Spirited Away,2003,PG,28 Mar 2003,124 min,"Animation, Adventure, Family",Hayao Miyazaki,Hayao Miyazaki,"Miyu Irino, Rumi Hiiragi, Mari Natsuki","During her family's move to the suburbs, a sullen 10-year-old girl wanders into a world ruled by gods, witches and spirits, and where humans are changed into beasts.","Japanese, English","Japan, United States",Won 1 Oscar. 58 wins & 31 nominations total,"https://m.media-amazon.com/images/M/MV5BNTEyNmEwOWUtYzkyOC00ZTQ4LTllZmUtMjk0Y2YwOGUzYjRiXkEyXkFqcGc@._V1_QL75_UX380_CR0,0,380,562_.jpg","[{'Source': 'Internet Movie Database', 'Value': '8.6/10'}, {'Source': 'Rotten Tomatoes', 'Value': '96%'}, {'Source': 'Metacritic', 'Value': '96/100'}]",96,8.6,"964,088",tt0245429,movie,N/A,"$14,821,254",N/A,N/A,True
Good Will Hunting,1998,R,09 Jan 1998,126 min,"Drama, Romance",Gus Van Sant,"Matt Damon, Ben Affleck","Robin Williams, Matt Damon, Ben Affleck","A therapist counsels Will Hunting, a janitor with a genius IQ.",English,United States,Won 2 Oscars. 25 wins & 61 nominations total,"https://m.media-amazon.com/images/M/MV5BNDdjZGQ5YzEtNTc2My00Mjc0LWFlMTctYzkwMzZlNzdiZWYzXkEyXkFqcGc@._V1_QL75_UX380_CR0,9,380,562_.jpg","[{'Source': 'Internet Movie Database', 'Value': '8.4/10'}, {'Source': 'Rotten Tomatoes', 'Value': '97%'}, {'Source': 'Metacritic', 'Value': '71/100'}]",71,8.4,"1,213,877",tt0119217,movie,N/A,"$138,433,435",N/A,N/A,True
The Revenant,2016,R,08 Jan 2016,156 min,"Action, Drama, Western",Alejandro G. Iñárritu,"Mark L. Smith, Alejandro G. Iñárritu, Michael Punke","Leonardo DiCaprio, Tom Hardy, Will Poulter",A frontiersman on a fur trading expedition in the 1820s fights for survival after being mauled by a bear and left for dead by members of his own hunting team.,"English, Pawnee, French","United States, Hong Kong, Taiwan, Argentina",Won 3 Oscars. 94 wins & 193 nominations total,"https://m.media-amazon.com/images/M/MV5BYTgwNmQzZDctMjNmOS00OTExLTkwM2UtNzJmOTJhODFjOTdlXkEyXkFqcGc@._V1_QL75_UX380_CR0,1,380,562_.jpg","[{'Source': 'Internet Movie Database', 'Value': '8.0/10'}, {'Source': 'Rotten Tomatoes', 'Value': '78%'}, {'Source': 'Metacritic', 'Value': '76/100'}]",76,8.0,"947,792",tt1663202,movie,N/A,"$184,247,394",N/A,N/A,True
Obsession,2026,R,15 May 2026,108 min,"Horror, Romance, Thriller",Curry Barker,Curry Barker,"Michael Johnston, Inde Navarrette, Cooper Tomlinson","After breaking the mysterious ""One Wish Willow"" to win his crush's heart, a hopeless romantic finds himself getting exactly what he asked for but soon discovers that some desires come at a dark, sinister price.",English,United States,7 wins & 11 nominations total,"https://m.media-amazon.com/images/M/MV5BYzc1NWUwMDgtNGZlMS00ZmYzLWIzMzktNmMxMmY1MTUzNWExXkEyXkFqcGc@._V1_QL75_UX380_CR0,0,380,562_.jpg","[{'Source': 'Internet Movie Database', 'Value': '8.0/10'}, {'Source': 'Rotten Tomatoes', 'Value': '94%'}, {'Source': 'Metacritic', 'Value': '77/100'}]",77,8.0,"176,988",tt37287335,movie,N/A,"$245,218,935",N/A,N/A,True
Kingsman: The Secret Service,2015,R,13 Feb 2015,129 min,"Action, Adventure, Comedy",Matthew Vaughn,"Jane Goldman, Matthew Vaughn, Mark Millar","Colin Firth, Taron Egerton, Samuel L. Jackson","A spy organisation recruits a promising street kid into the agency's training program, while a global threat emerges from a twisted tech genius.","English, Arabic, Swedish","United Kingdom, United States",11 wins & 36 nominations total,"https://m.media-amazon.com/images/M/MV5BODk1MTYwNTAtYmI5Zi00OWYyLWE0MzQtOWE4NDIxZmU2MjMwXkEyXkFqcGc@._V1_QL75_UX380_CR0,4,380,562_.jpg","[{'Source': 'Internet Movie Database', 'Value': '7.7/10'}, {'Source': 'Rotten Tomatoes', 'Value': '75%'}, {'Source': 'Metacritic', 'Value': '60/100'}]",60,7.7,"775,402",tt2802144,movie,N/A,"$128,261,724",N/A,N/A,True
fantastic four: first steps,2025,PG-13,25 Jul 2025,115 min,"Action, Adventure, Sci-Fi",Matt Shakman,"Josh Friedman, Eric Pearson, Jeff Kaplan","Pedro Pascal, Vanessa Kirby, Ebon Moss-Bachrach","Forced to balance their roles as heroes with the strength of their family bond, the Fantastic Four must defend Earth from a ravenous space god called Galactus and his enigmatic herald, the Silver Surfer.",English,"United Kingdom, United States, Canada, New Zealand",4 wins & 48 nominations total,"https://m.media-amazon.com/images/M/MV5BOGM5MzA3MDAtYmEwMi00ZDNiLTg4MDgtMTZjOTc0ZGMyNTIwXkEyXkFqcGc@._V1_QL75_UX380_CR0,0,380,562_.jpg","[{'Source': 'Internet Movie Database', 'Value': '6.8/10'}, {'Source': 'Metacritic', 'Value': '65/100'}]",65,6.8,"258,601",tt10676052,movie,N/A,"$274,286,610",N/A,N/A,True
Pulp Fiction,1994,R,14 Oct 1994,154 min,"Crime, Drama",Quentin Tarantino,"Quentin Tarantino, Roger Avary","John Travolta, Uma Thurman, Samuel L. Jackson","The lives of two mob hitmen, a boxer, a gangster and his wife, and a pair of diner bandits intertwine in four tales of violence and redemption.","English, Spanish, French",United States,Won 1 Oscar. 69 wins & 72 nominations total,"https://m.media-amazon.com/images/M/MV5BYTViYTE3ZGQtNDBlMC00ZTAyLTkyODMtZGRiZDg0MjA2YThkXkEyXkFqcGc@._V1_QL75_UY562_CR3,0,380,562_.jpg","[{'Source': 'Internet Movie Database', 'Value': '8.8/10'}, {'Source': 'Rotten Tomatoes', 'Value': '92%'}, {'Source': 'Metacritic', 'Value': '95/100'}]",95,8.8,"2,431,656",tt0110912,movie,N/A,"$107,928,762",N/A,N/A,True
Seven,1995,R,22 Sep 1995,127 min,"Crime, Drama, Mystery",David Fincher,Andrew Kevin Walker,"Morgan Freeman, Brad Pitt, Kevin Spacey",Two detectives try to track down a serial killer who chooses his victims based on the Seven Deadly Sins.,English,United States,Nominated for 1 Oscar. 29 wins & 44 nominations total,"https://m.media-amazon.com/images/M/MV5BY2IzNzMxZjctZjUxZi00YzAxLTk3ZjMtODFjODdhMDU5NDM1XkEyXkFqcGc@._V1_QL75_UX380_CR0,16,380,562_.jpg","[{'Source': 'Internet Movie Database', 'Value': '8.6/10'}, {'Source': 'Rotten Tomatoes', 'Value': '84%'}, {'Source': 'Metacritic', 'Value': '65/100'}]",65,8.6,"2,017,106",tt0114369,movie,N/A,"$101,871,174",N/A,N/A,True
